-- phpMyAdmin SQL Dump
-- version 4.5.4.1deb2ubuntu2
-- http://www.phpmyadmin.net
--
-- Host: localhost
-- Generation Time: Aug 22, 2017 at 03:58 PM
-- Server version: 5.7.19-0ubuntu0.16.04.1
-- PHP Version: 7.0.15-0ubuntu0.16.04.4

SET SQL_MODE = "NO_AUTO_VALUE_ON_ZERO";
SET time_zone = "+00:00";


/*!40101 SET @OLD_CHARACTER_SET_CLIENT=@@CHARACTER_SET_CLIENT */;
/*!40101 SET @OLD_CHARACTER_SET_RESULTS=@@CHARACTER_SET_RESULTS */;
/*!40101 SET @OLD_COLLATION_CONNECTION=@@COLLATION_CONNECTION */;
/*!40101 SET NAMES utf8mb4 */;

--
-- Database: `rescuePrompt`
--

-- --------------------------------------------------------

--
-- Table structure for table `accident`
--

CREATE TABLE `accident` (
  `userId` bigint(13) NOT NULL,
  `date` date NOT NULL,
  `time` varchar(8) COLLATE utf8_unicode_ci NOT NULL,
  `latitude` double NOT NULL,
  `longitude` double NOT NULL,
  `accCode` char(1) COLLATE utf8_unicode_ci NOT NULL,
  `accidentId` bigint(20) NOT NULL,
  `accType` tinyint(4) DEFAULT NULL,
  `responsibleRescr` bigint(13) DEFAULT NULL
) ENGINE=InnoDB DEFAULT CHARSET=utf8 COLLATE=utf8_unicode_ci;

--
-- Dumping data for table `accident`
--

INSERT INTO `accident` (`userId`, `date`, `time`, `latitude`, `longitude`, `accCode`, `accidentId`, `accType`, `responsibleRescr`) VALUES
(12, '2017-08-19', '16:54', 14.04884147644043, 99.90209197998047, 'A', 20, 1, NULL),
(12, '2017-08-19', '09:05', 14.034825325012207, 99.8171615600586, 'A', 21, 1, NULL),
(12, '2017-04-01', '09:09', 14.03840446472168, 99.79105377197266, 'A', 23, 1, NULL),
(12, '2017-04-01', '09:16', 14.038091659545898, 99.79048156738281, 'A', 24, 1, NULL),
(12, '2017-04-01', '09:27', 13.973596572875977, 99.7551498413086, 'A', 26, 1, NULL),
(12, '2017-04-01', '14:58', 14.02253246307373, 99.90507507324219, 'A', 28, 1, NULL),
(12, '2017-04-02', '23:07', 14.048803329467773, 99.90245819091797, 'A', 43, 1, NULL),
(12, '2017-04-02', '23:10', 14.04879093170166, 99.90247344970703, 'A', 44, 1, NULL),
(12, '2017-04-30', '23:14', 14.048791885375977, 99.9024887084961, 'A', 45, 1, NULL),
(12, '2017-04-03', '19:15', 13.646944046020508, 100.48747253417969, 'A', 46, 1, NULL),
(12, '2017-04-06', '22:57', 13.646977424621582, 100.48725128173828, 'A', 47, 1, NULL),
(12, '2017-04-06', '22:58', 13.646977424621582, 100.48725128173828, 'A', 48, 1, NULL),
(12, '2017-04-14', '08:51', 13.739468574523926, 100.51647186279297, 'A', 49, 1, NULL),
(12, '2017-04-18', '11:02', 13.823482513427734, 100.05948638916016, 'A', 50, 1, NULL),
(12, '2017-04-15', '11:13', 13.817828178405762, 100.06121063232422, 'A', 51, 1, NULL),
(12, '2017-04-15', '11:59', 14.021477699279785, 99.99150085449219, 'A', 52, 1, NULL),
(12, '2017-04-15', '19:16', 14.052087783813477, 99.9092025756836, 'A', 53, 1, NULL),
(12, '2017-04-16', '19:17', 14.052087783813477, 99.9092025756836, 'A', 54, 1, NULL),
(12, '2017-04-18', '19:17', 14.052087783813477, 99.9092025756836, 'A', 55, 1, NULL),
(12, '2017-04-20', '19:35', 14.048741340637207, 99.90251922607422, 'A', 56, 1, NULL),
(12, '2017-04-20', '19:43', 14.04874324798584, 99.90252685546875, 'A', 57, 1, NULL),
(12, '2017-04-20', '11:39', 14.048701286315918, 99.90247344970703, 'A', 59, 1, NULL),
(12, '2017-04-20', '12:49', 13.652959823608398, 100.42462921142578, 'A', 62, 1, NULL),
(12, '2017-04-20', '12:49', 13.653947830200195, 100.42601013183594, 'A', 63, 1, NULL),
(12, '2017-04-20', '12:49', 13.655296325683594, 100.42752838134766, 'A', 64, 1, NULL),
(12, '2017-04-20', '12:53', 13.662973403930664, 100.4393539428711, 'A', 65, 1, NULL),
(12, '2017-04-20', '14:09', 13.6769380569458, 100.5003433227539, 'A', 66, 1, NULL),
(12, '2017-04-20', '17:19', 13.646726608276367, 100.48721313476562, 'A', 67, 1, NULL),
(12, '2017-04-20', '19:20', 13.65173625946045, 100.49358367919922, 'A', 68, 1, NULL),
(12, '2017-04-20', '21:52', 13.646808624267578, 100.48722839355469, 'A', 69, 1, NULL),
(12, '2017-04-22', '10:38', 13.64677906036377, 100.48722076416016, 'A', 70, 1, NULL),
(12, '2017-04-22', '10:39', 13.64677906036377, 100.48722076416016, 'A', 71, 1, NULL),
(12, '2017-04-22', '11:12', 13.646467208862305, 100.48717498779297, 'A', 72, 1, NULL),
(12, '2017-04-22', '11:13', 13.646467208862305, 100.48717498779297, 'A', 73, 1, NULL),
(12, '2017-04-22', '11:22', 13.646727561950684, 100.48721313476562, 'A', 74, 1, NULL),
(13, '2017-04-22', '11:47', 13.646727561950684, 100.48721313476562, 'A', 75, 1, NULL),
(13, '2017-04-22', '11:47', 13.646727561950684, 100.48721313476562, 'A', 76, 1, NULL),
(13, '2017-04-22', '11:53', 13.646727561950684, 100.48721313476562, 'A', 77, 1, NULL),
(13, '2017-04-22', '17:17', 13.646727561950684, 100.48721313476562, 'A', 78, 1, NULL),
(13, '2017-04-22', '17:17', 13.646727561950684, 100.48721313476562, 'A', 79, 1, NULL),
(13, '2017-04-22', '18:50', 13.646727561950684, 100.48721313476562, 'A', 80, 1, NULL),
(13, '2017-04-22', '18:51', 13.646727561950684, 100.48721313476562, 'A', 81, 1, NULL),
(13, '2017-04-22', '18:52', 13.646727561950684, 100.48721313476562, 'A', 82, 1, NULL),
(13, '2017-04-22', '19:06', 13.646727561950684, 100.48721313476562, 'A', 83, 1, NULL),
(13, '2017-04-22', '19:07', 13.646727561950684, 100.48721313476562, 'A', 84, 1, NULL),
(13, '2017-04-22', '19:38', 13.646727561950684, 100.48721313476562, 'A', 85, 1, NULL),
(13, '2017-04-22', '19:48', 13.646727561950684, 100.48721313476562, 'A', 86, 1, NULL),
(13, '2017-04-22', '20:07', 13.646727561950684, 100.48721313476562, 'A', 87, 1, NULL),
(13, '2017-04-22', '20:07', 13.646727561950684, 100.48721313476562, 'A', 88, 1, NULL),
(13, '2017-04-27', '01:06', 13.646727561950684, 100.48721313476562, 'A', 89, 1, NULL),
(13, '2017-04-27', '11:58', 13.649775505065918, 100.49006652832031, 'A', 90, 1, NULL),
(13, '2017-04-27', '18:16', 13.646727561950684, 100.48721313476562, 'A', 91, 1, NULL),
(13, '2017-04-23', '18:20', 13.646727561950684, 100.48721313476562, 'A', 92, 1, NULL),
(13, '2017-04-27', '18:38', 13.646727561950684, 100.48721313476562, 'A', 93, 1, NULL),
(13, '2017-04-27', '18:38', 13.646727561950684, 100.48721313476562, 'A', 94, 1, NULL),
(13, '2017-04-27', '18:44', 13.646727561950684, 100.48721313476562, 'A', 95, 1, NULL),
(13, '2017-04-27', '18:46', 13.646727561950684, 100.48721313476562, 'A', 96, 1, NULL),
(13, '2017-04-23', '19:06', 13.64944839477539, 100.48936462402344, 'A', 97, 1, NULL),
(13, '2017-04-30', '23:50', 13.646636962890625, 100.48831176757812, 'A', 98, 1, NULL),
(13, '2017-04-30', '23:50', 13.646636962890625, 100.48831176757812, 'A', 99, 1, NULL),
(13, '2017-04-28', '00:56', 13.646727561950684, 100.48721313476562, 'A', 100, 1, NULL),
(13, '2017-04-28', '15:32', 13.651435852050781, 100.49406433105469, 'A', 101, 1, NULL),
(13, '2017-04-29', '16:03', 13.651435852050781, 100.49406433105469, 'O', 102, 1, NULL),
(13, '2017-04-29', '17:42', 13.651496887207031, 100.49366760253906, 'A', 103, 1, NULL),
(13, '2017-04-29', '17:52', 13.651516914367676, 100.4942398071289, 'A', 104, 1, NULL),
(12, '2017-04-30', '11:22', 100.11103820800781, 100, 'A', 110, 1, NULL),
(14, '2017-05-01', '16:34', 13.64659595489502, 100.48716735839844, 'A', 111, 1, NULL),
(14, '2017-05-01', '16:35', 13.64659595489502, 100.48716735839844, 'A', 112, 1, NULL),
(14, '2017-05-01', '16:35', 13.646727561950684, 100.48721313476562, 'A', 113, 1, NULL),
(14, '2017-05-01', '22:38', 13.646727561950684, 100.48721313476562, 'A', 114, 1, NULL),
(14, '2017-05-02', '00:14', 13.64659595489502, 100.48716735839844, 'A', 115, 1, NULL),
(14, '2017-05-02', '00:16', 13.646727561950684, 100.48721313476562, 'A', 116, 1, NULL),
(13, '2017-05-02', '14:03', 13.651496887207031, 100.49366760253906, 'A', 117, 1, NULL),
(13, '2017-05-02', '14:58', 13.65153980255127, 100.49371337890625, 'A', 118, 1, NULL),
(13, '2017-05-02', '14:58', 13.65153980255127, 100.49371337890625, 'A', 119, 1, NULL),
(13, '2017-05-02', '14:59', 13.651496887207031, 100.49366760253906, 'A', 120, 1, NULL),
(13, '2017-05-02', '15:15', 13.651496887207031, 100.49366760253906, 'A', 121, 1, NULL),
(13, '2017-05-02', '15:21', 13.651496887207031, 100.49366760253906, 'A', 122, 1, NULL),
(13, '2017-05-02', '15:22', 13.65153980255127, 100.49371337890625, 'A', 123, 1, NULL),
(13, '2017-05-02', '15:50', 13.651496887207031, 100.49366760253906, 'A', 124, 1, NULL),
(13, '2017-05-02', '16:20', 13.65151309967041, 100.49433135986328, 'A', 125, 1, NULL),
(13, '2017-05-02', '17:03', 13.652422904968262, 100.49498748779297, 'A', 126, 1, NULL),
(13, '2017-05-02', '17:04', 13.64659595489502, 100.48716735839844, 'A', 127, 1, NULL),
(13, '2017-05-02', '17:12', 13.646906852722168, 100.48721313476562, 'A', 128, 1, NULL),
(13, '2017-05-02', '17:23', 13.646910667419434, 100.48712921142578, 'A', 129, 1, NULL),
(13, '2017-05-03', '00:50', 13.646727561950684, 100.48721313476562, 'A', 130, 1, NULL),
(13, '2017-05-03', '00:51', 13.646727561950684, 100.48721313476562, 'A', 131, 1, NULL),
(13, '2017-05-03', '00:55', 13.646727561950684, 100.48721313476562, 'A', 132, 1, NULL),
(13, '2017-05-03', '01:10', 13.646727561950684, 100.48721313476562, 'A', 133, 1, NULL),
(12, '2017-05-01', '23:50', 13.646636962890625, 100.48831176757812, 'A', 134, 1, NULL),
(12, '2017-05-01', '23:50', 13.646636962890625, 100.48831176757812, 'A', 135, 1, NULL),
(12, '2017-05-01', '23:50', 13.646636962890625, 100.48831176757812, 'A', 136, 1, NULL),
(12, '2017-05-01', '23:50', 13.646636962890625, 100.48831176757812, 'A', 137, 1, NULL),
(12, '2017-05-01', '23:50', 13.646636962890625, 100.48831176757812, 'A', 138, 1, NULL),
(12, '2017-05-01', '23:50', 13.646636962890625, 100.48831176757812, 'A', 139, 1, NULL),
(12, '2017-05-01', '23:50', 13.646636962890625, 100.48831176757812, 'A', 140, 1, NULL),
(12, '2017-05-01', '23:50', 13.646636962890625, 100.48831176757812, 'A', 141, 1, NULL),
(12, '2017-05-01', '23:50', 13.646636962890625, 100.48831176757812, 'A', 142, 1, NULL),
(12, '2017-05-01', '23:50', 13.646636962890625, 100.48831176757812, 'A', 144, 1, NULL),
(12, '2017-05-01', '23:50', 13.646636962890625, 100.48831176757812, 'A', 145, 1, NULL),
(13, '2017-05-03', '15:28', 13.64659595489502, 100.48716735839844, 'A', 146, 1, NULL),
(13, '2017-05-03', '15:28', 13.64659595489502, 100.48716735839844, 'A', 147, 1, NULL),
(13, '2017-05-03', '15:29', 13.64659595489502, 100.48716735839844, 'A', 148, 1, NULL),
(13, '2017-05-03', '16:40', 13.646309852600098, 100.48760986328125, 'A', 149, 1, NULL),
(14, '2017-05-04', '10:24', 13.651535987854004, 100.49380493164062, 'A', 150, 1, NULL),
(14, '2017-05-04', '10:36', 13.651535987854004, 100.49380493164062, 'A', 151, 1, NULL),
(14, '2017-05-04', '13:29', 13.652517318725586, 100.49380493164062, 'A', 152, 1, NULL),
(14, '2017-05-04', '15:36', 13.646727561950684, 100.48721313476562, 'A', 158, 1, NULL),
(14, '2017-05-04', '15:36', 13.646727561950684, 100.48721313476562, 'A', 159, 1, NULL),
(14, '2017-05-04', '15:36', 13.64659595489502, 100.48716735839844, 'A', 160, 1, NULL),
(14, '2017-05-04', '15:59', 13.646727561950684, 100.48721313476562, 'A', 161, 1, NULL),
(14, '2017-05-04', '16:13', 13.646727561950684, 100.48721313476562, 'A', 162, 49, NULL),
(14, '2017-05-04', '19:08', 13.646727561950684, 100.48721313476562, 'A', 163, 1, NULL),
(14, '2017-05-04', '20:48', 13.646638870239258, 100.48721313476562, 'A', 164, 1, NULL),
(14, '2017-05-04', '21:16', 13.646638870239258, 100.48721313476562, 'A', 165, 1, NULL),
(14, '2017-05-04', '21:18', 13.646727561950684, 100.48721313476562, 'A', 166, 1, NULL),
(14, '2017-05-04', '22:18', 13.646727561950684, 100.48721313476562, 'A', 167, 1, NULL),
(14, '2017-05-04', '22:51', 13.64659595489502, 100.48716735839844, 'U', 168, 1, NULL),
(14, '2017-05-04', '23:06', 13.646727561950684, 100.48721313476562, 'U', 169, 1, NULL),
(14, '2017-05-04', '23:21', 13.646727561950684, 100.48721313476562, 'A', 170, 1, NULL),
(14, '2017-05-04', '23:26', 13.646727561950684, 100.48721313476562, 'A', 171, 1, NULL),
(12, '2017-04-30', '11:22', 100.11103820800781, 100, 'A', 172, 1, NULL),
(12, '2017-04-30', '11:22', 100.11103820800781, 100, 'A', 173, 1, NULL),
(14, '2017-05-04', '23:29', 13.646727561950684, 100.48721313476562, 'A', 174, 1, NULL),
(14, '2017-05-04', '23:34', 13.646727561950684, 100.48721313476562, 'A', 175, 1, NULL),
(14, '2017-05-04', '23:34', 13.646727561950684, 100.48721313476562, 'A', 176, 1, NULL),
(14, '2017-05-04', '23:40', 13.646727561950684, 100.48721313476562, 'A', 177, 1, NULL),
(12, '2017-04-30', '11:22', 100.11103820800781, 100, 'A', 178, 1, NULL),
(14, '2017-05-04', '23:48', 13.646727561950684, 100.48721313476562, 'S', 179, 1, NULL),
(14, '2017-05-05', '00:40', 13.64659595489502, 100.48716735839844, 'A', 180, 1, NULL),
(14, '2017-05-05', '00:55', 13.646727561950684, 100.48721313476562, 'A', 181, 1, NULL),
(14, '2017-05-05', '00:55', 13.646727561950684, 100.48721313476562, 'A', 182, 1, NULL),
(14, '2017-05-05', '14:33', 13.652338981628418, 100.49380493164062, 'A', 184, 1, NULL),
(14, '2017-05-05', '17:51', 13.646727561950684, 100.48721313476562, 'A', 185, 1, NULL),
(14, '2017-05-05', '17:54', 13.64659595489502, 100.48716735839844, 'A', 186, 1, NULL),
(14, '2017-05-05', '17:55', 13.646642684936523, 100.48712921142578, 'A', 187, 1, NULL),
(14, '2017-05-05', '17:55', 13.646642684936523, 100.48712921142578, 'A', 188, 1, NULL),
(14, '2017-05-05', '17:56', 13.646727561950684, 100.48721313476562, 'A', 189, 1, NULL),
(14, '2017-05-05', '17:58', 13.64659595489502, 100.48716735839844, 'A', 190, 1, NULL),
(14, '2017-05-05', '17:58', 13.646727561950684, 100.48721313476562, 'A', 191, 1, NULL),
(14, '2017-05-05', '17:58', 13.646727561950684, 100.48721313476562, 'A', 192, 1, NULL),
(14, '2017-05-05', '17:59', 13.64659595489502, 100.48716735839844, 'A', 193, 1, NULL),
(14, '2017-05-05', '17:59', 13.646727561950684, 100.48721313476562, 'A', 194, 1, NULL),
(14, '2017-05-05', '18:05', 13.646727561950684, 100.48721313476562, 'A', 195, 1, NULL),
(14, '2017-05-05', '18:07', 13.646727561950684, 100.48721313476562, 'A', 196, 1, NULL),
(14, '2017-05-05', '18:07', 13.646638870239258, 100.48721313476562, 'A', 197, 1, NULL),
(14, '2017-05-05', '18:09', 13.64659595489502, 100.48716735839844, 'A', 198, 1, NULL),
(14, '2017-05-05', '18:10', 13.646727561950684, 100.48721313476562, 'A', 199, 1, NULL),
(14, '2017-05-05', '18:10', 13.646727561950684, 100.48721313476562, 'A', 200, 1, NULL),
(14, '2017-05-05', '18:11', 13.64659595489502, 100.48716735839844, 'A', 201, 1, NULL),
(14, '2017-05-05', '18:11', 13.64659595489502, 100.48716735839844, 'A', 202, 1, NULL),
(14, '2017-05-05', '18:11', 13.64659595489502, 100.48716735839844, 'A', 203, 1, NULL),
(14, '2017-05-05', '18:17', 13.646727561950684, 100.48721313476562, 'A', 204, 1, NULL),
(14, '2017-05-05', '18:18', 13.646727561950684, 100.48721313476562, 'A', 205, 1, NULL),
(14, '2017-05-05', '18:23', 13.646638870239258, 100.48721313476562, 'A', 206, 1, NULL),
(14, '2017-05-05', '18:24', 13.646727561950684, 100.48721313476562, 'A', 207, 1, NULL),
(14, '2017-05-05', '18:24', 13.646638870239258, 100.48721313476562, 'A', 208, 1, NULL),
(14, '2017-05-05', '18:24', 13.646638870239258, 100.48721313476562, 'A', 209, 1, NULL),
(14, '2017-05-05', '18:24', 13.646727561950684, 100.48721313476562, 'A', 210, 1, NULL),
(14, '2017-05-05', '18:24', 13.646727561950684, 100.48721313476562, 'A', 211, 1, NULL),
(14, '2017-05-05', '18:25', 13.646727561950684, 100.48721313476562, 'A', 212, 1, NULL),
(14, '2017-05-05', '18:27', 13.646638870239258, 100.48721313476562, 'A', 213, 1, NULL),
(14, '2017-05-05', '18:27', 13.646638870239258, 100.48721313476562, 'A', 214, 1, NULL),
(14, '2017-05-05', '18:27', 13.646727561950684, 100.48721313476562, 'A', 215, 1, NULL),
(14, '2017-05-05', '18:34', 13.646727561950684, 100.48721313476562, 'A', 216, 1, NULL),
(14, '2017-05-05', '18:34', 13.646727561950684, 100.48721313476562, 'A', 217, 1, NULL),
(14, '2017-05-05', '18:34', 13.64659595489502, 100.48716735839844, 'A', 218, 1, NULL),
(14, '2017-05-05', '18:34', 13.64659595489502, 100.48716735839844, 'A', 219, 1, NULL),
(14, '2017-05-05', '18:35', 13.646727561950684, 100.48721313476562, 'A', 220, 1, NULL),
(14, '2017-05-05', '19:15', 13.646727561950684, 100.48721313476562, 'A', 221, 1, NULL),
(14, '2017-05-05', '19:47', 13.646727561950684, 100.48721313476562, 'A', 222, 1, NULL),
(14, '2017-05-05', '19:48', 13.646727561950684, 100.48721313476562, 'A', 223, 1, NULL),
(14, '2017-05-05', '21:11', 13.646727561950684, 100.48721313476562, 'A', 224, 1, NULL),
(14, '2017-05-05', '21:11', 13.646727561950684, 100.48721313476562, 'A', 225, 1, NULL),
(14, '2017-05-05', '21:12', 13.646727561950684, 100.48721313476562, 'A', 226, 1, NULL),
(14, '2017-05-05', '21:12', 13.646727561950684, 100.48721313476562, 'A', 227, 1, NULL),
(14, '2017-05-05', '21:12', 13.646727561950684, 100.48721313476562, 'A', 228, 1, NULL),
(14, '2017-05-06', '02:15', 13.646727561950684, 100.48721313476562, 'A', 229, 1, NULL),
(14, '2017-05-06', '02:16', 13.64659595489502, 100.48716735839844, 'S', 230, 1, NULL),
(14, '2017-05-06', '02:21', 13.646727561950684, 100.48721313476562, 'S', 231, 1, NULL),
(14, '2017-05-06', '02:30', 13.646727561950684, 100.48721313476562, 'S', 232, 1, NULL),
(14, '2017-05-06', '02:36', 13.646638870239258, 100.48721313476562, 'A', 233, 1, NULL),
(12, '2017-05-07', '00:00', 13.646977424621582, 100.48725128173828, 'A', 234, 1, NULL),
(12, '2017-05-07', '00:00', 13.646977424621582, 100.48725128173828, 'A', 235, 1, NULL),
(14, '2017-05-07', '13:30', 13.646642684936523, 100.48712921142578, 'S', 236, 1, NULL),
(14, '2017-05-07', '13:50', 13.646642684936523, 100.48712921142578, 'A', 237, 1, NULL),
(14, '2017-05-07', '14:37', 13.64659595489502, 100.48716735839844, 'A', 238, 1, NULL),
(14, '2017-05-07', '14:39', 13.64659595489502, 100.48716735839844, 'U', 239, 1, NULL),
(14, '2017-05-07', '14:39', 13.64659595489502, 100.48716735839844, 'A', 240, 1, NULL),
(12, '2017-05-07', '00:00', 13.646977424621582, 100.48725128173828, 'A', 241, 1, NULL),
(12, '2017-05-07', '00:00', 13.646977424621582, 100.48725128173828, 'A', 242, 1, NULL),
(14, '2017-05-07', '14:49', 13.646642684936523, 100.48712921142578, 'A', 243, 1, NULL),
(14, '2017-05-07', '18:03', 13.64659595489502, 100.48716735839844, 'A', 244, 1, NULL),
(14, '2017-05-07', '18:17', 13.64659595489502, 100.48716735839844, 'A', 245, 1, NULL),
(14, '2017-05-07', '18:20', 13.64659595489502, 100.48716735839844, 'A', 246, 1, NULL),
(14, '2017-05-08', '14:06', 13.652524948120117, 100.4936294555664, 'A', 253, 1, NULL),
(14, '2017-05-08', '14:20', 13.652524948120117, 100.4936294555664, 'A', 254, 1, NULL),
(14, '2017-05-08', '14:20', 13.652524948120117, 100.4936294555664, 'S', 255, 1, NULL),
(14, '2017-05-08', '14:21', 13.652524948120117, 100.4936294555664, 'A', 256, 1, NULL),
(12, '2017-05-09', '00:00', 13.646977424621582, 100.48725128173828, 'A', 257, 1, NULL),
(12, '2017-05-09', '00:00', 13.646977424621582, 100.48725128173828, 'A', 258, 1, NULL),
(12, '2017-05-09', '00:00', 13.646977424621582, 100.48725128173828, 'A', 259, 1, NULL),
(12, '2017-05-09', '00:00', 13.646977424621582, 100.48725128173828, 'A', 260, 1, NULL),
(12, '2017-05-10', '00:00', 13.646977424621582, 100.48725128173828, 'A', 261, 1, NULL),
(12, '2017-05-10', '00:00', 13.646977424621582, 100.48725128173828, 'A', 262, 1, NULL),
(12, '2017-05-10', '00:00', 13.646977424621582, 100.48725128173828, 'A', 263, 1, NULL),
(12, '2017-05-10', '00:00', 13.646977424621582, 100.48725128173828, 'A', 264, 1, NULL),
(14, '2017-05-11', '17:58', 13.646727561950684, 100.48721313476562, 'A', 265, 1, NULL),
(14, '2017-05-11', '18:00', 13.646727561950684, 100.48721313476562, 'A', 266, 1, NULL),
(14, '2017-05-11', '18:10', 13.646727561950684, 100.48721313476562, 'A', 267, 1, NULL),
(14, '2017-05-11', '18:14', 13.646727561950684, 100.48721313476562, 'A', 268, 1, NULL),
(11, '2017-05-11', '18:17', 111.11109924316406, 22.222200393676758, 'A', 269, 1, NULL),
(11, '2017-05-11', '18:19', 111.11109924316406, 22.222200393676758, 'A', 270, 1, NULL),
(11, '2017-05-11', '18:21', 111.11109924316406, 22.222200393676758, 'A', 271, 1, NULL),
(11, '2017-05-11', '18:22', 111.11109924316406, 22.222200393676758, 'A', 272, 1, NULL),
(11, '2017-05-11', '18:22', 111.11109924316406, 22.222200393676758, 'A', 273, 1, NULL),
(14, '2017-05-11', '18:24', 13.646727561950684, 100.48721313476562, 'A', 274, 1, NULL),
(14, '2017-05-11', '18:24', 13.646727561950684, 100.48721313476562, 'A', 275, 1, NULL),
(11, '2017-05-11', '18:26', 111.11109924316406, 22.222200393676758, 'A', 276, 1, NULL),
(11, '2017-05-11', '18:27', 111.11109924316406, 22.222200393676758, 'A', 277, 1, NULL),
(14, '2017-05-11', '18:28', 13.64659595489502, 100.48716735839844, 'A', 278, 1, NULL),
(14, '2017-05-12', '01:50', 13.646727561950684, 100.48721313476562, 'A', 279, 1, NULL),
(14, '2017-05-12', '13:20', 13.646727561950684, 100.48721313476562, 'U', 280, 1, NULL),
(14, '2017-05-12', '13:21', 13.646727561950684, 100.48721313476562, 'U', 281, 1, NULL),
(14, '2017-05-12', '16:19', 13.646727561950684, 100.48721313476562, 'A', 282, 1, NULL),
(14, '2017-05-12', '16:25', 13.64659595489502, 100.48716735839844, 'A', 283, 1, NULL),
(11, '2017-05-13', '00:18', 111.11109924316406, 22.222200393676758, 'A', 284, 1, NULL),
(11, '2017-05-13', '16:42', 111.11109924316406, 22.222200393676758, 'U', 290, 1, NULL),
(14, '2017-05-16', '19:09', 13.646727561950684, 100.48721313476562, 'A', 302, 0, NULL),
(14, '2017-05-16', '19:52', 13.646638870239258, 100.48721313476562, 'A', 303, 0, NULL),
(14, '2017-05-16', '23:35', 13.64659595489502, 100.48716735839844, 'A', 304, 0, NULL),
(14, '2017-05-18', '16:43', 13.64659595489502, 100.48716735839844, 'A', 305, 0, NULL),
(14, '2017-05-19', '18:06', 0, 0, 'A', 306, 0, NULL),
(14, '2017-05-19', '18:06', 0, 0, 'A', 307, 0, NULL),
(14, '2017-05-19', '18:07', 0, 0, 'A', 308, 0, NULL),
(14, '2017-05-19', '18:09', 0, 0, 'A', 309, 0, NULL),
(14, '2017-05-19', '18:13', 0, 0, 'A', 310, 0, NULL),
(14, '2017-05-19', '18:13', 0, 0, 'A', 311, 0, NULL),
(14, '2017-05-19', '18:15', 0, 0, 'A', 312, 0, NULL),
(14, '2017-05-19', '18:15', 0, 0, 'A', 313, 0, NULL),
(14, '2017-05-19', '18:19', 0, 0, 'A', 314, 0, NULL),
(14, '2017-05-19', '19:16', 0, 0, 'A', 315, 0, NULL),
(11, '2017-05-19', '19:44', 111.11109924316406, 22.222200393676758, 'A', 316, 0, NULL),
(14, '2017-05-19', '19:44', 0, 0, 'A', 317, 0, NULL),
(14, '2017-05-19', '19:53', 13.646638870239258, 100.48721313476562, 'U', 318, 0, NULL),
(14, '2017-05-19', '19:53', 13.646638870239258, 100.48721313476562, 'A', 319, 0, NULL),
(14, '2017-05-19', '19:53', 13.646638870239258, 100.48721313476562, 'A', 320, 0, NULL),
(14, '2017-05-19', '19:53', 13.646638870239258, 100.48721313476562, 'A', 321, 0, NULL),
(14, '2017-05-19', '19:53', 13.646638870239258, 100.48721313476562, 'A', 322, 0, NULL),
(14, '2017-05-19', '19:55', 13.646638870239258, 100.48721313476562, 'U', 323, 0, NULL),
(14, '2017-05-19', '19:56', 13.64659595489502, 100.48716735839844, 'A', 324, 0, NULL),
(14, '2017-05-19', '19:56', 13.64659595489502, 100.48716735839844, 'A', 325, 0, NULL),
(14, '2017-05-19', '20:02', 0, 0, 'A', 326, 0, NULL),
(14, '2017-05-19', '20:08', 13.64659595489502, 100.48716735839844, 'U', 327, 0, NULL),
(14, '2017-05-19', '20:09', 13.646638870239258, 100.48721313476562, 'A', 328, 0, NULL),
(14, '2017-05-19', '20:09', 13.646638870239258, 100.48721313476562, 'A', 329, 0, NULL),
(14, '2017-05-19', '20:12', 0, 0, 'A', 330, 0, NULL),
(14, '2017-05-19', '20:14', 0, 0, 'U', 331, 0, NULL),
(14, '2017-05-20', '21:56', 13.65246295928955, 100.4887924194336, 'A', 332, 0, NULL),
(14, '2017-05-23', '22:46', 13.646727561950684, 100.48721313476562, 'A', 333, 0, NULL),
(14, '2017-05-23', '23:06', 13.646638870239258, 100.48721313476562, 'A', 334, 0, NULL),
(14, '2017-05-25', '15:00', 13.65304946899414, 100.49388885498047, 'A', 335, 0, NULL),
(14, '2017-05-25', '15:07', 13.65304946899414, 100.49388885498047, 'A', 336, 0, NULL),
(14, '2017-05-25', '15:07', 13.65304946899414, 100.49388885498047, 'A', 337, 0, NULL),
(14, '2017-05-25', '15:07', 13.65304946899414, 100.49388885498047, 'A', 338, 0, NULL),
(14, '2017-05-25', '16:03', 0, 0, 'A', 339, 0, NULL),
(14, '2017-05-25', '16:04', 0, 0, 'A', 340, 0, NULL),
(14, '2017-05-25', '16:06', 0, 0, 'A', 341, 0, NULL),
(14, '2017-05-26', '09:11', 0, 0, 'A', 342, 0, NULL),
(14, '2017-05-31', '17:05', 13.756205558776855, 100.45155334472656, 'A', 343, 0, NULL),
(14, '2017-06-02', '17:05', 13.756205558776855, 100.45155334472656, 'A', 344, 0, NULL),
(14, '2017-05-31', '17:09', 0, 0, 'A', 345, 0, NULL),
(14, '2017-05-31', '17:13', 0, 0, 'A', 346, 0, NULL),
(14, '2017-05-31', '17:13', 13.756211280822754, 100.45153045654297, 'U', 347, 0, NULL),
(14, '2017-06-03', '17:57', 0, 0, 'A', 348, 0, NULL),
(14, '2017-06-03', '17:58', 13.756217002868652, 100.45154571533203, 'A', 349, 0, NULL),
(14, '2017-06-03', '18:33', 0, 0, 'A', 350, 0, NULL),
(14, '2017-06-03', '18:33', 0, 0, 'A', 351, 0, NULL),
(14, '2017-06-03', '18:33', 0, 0, 'A', 352, 0, NULL),
(14, '2017-06-03', '18:33', 0, 0, 'A', 353, 0, NULL),
(14, '2017-06-03', '18:37', 0, 0, 'A', 354, 0, NULL),
(14, '2017-06-03', '18:37', 0, 0, 'A', 355, 0, NULL),
(14, '2017-06-03', '18:37', 0, 0, 'A', 356, 0, NULL),
(14, '2017-06-03', '18:37', 0, 0, 'A', 357, 0, NULL),
(14, '2017-06-03', '18:39', 13.756217002868652, 100.45154571533203, 'A', 358, 0, NULL),
(14, '2017-06-03', '18:39', 13.756217956542969, 100.45152282714844, 'A', 359, 0, NULL),
(14, '2017-06-03', '18:40', 13.756217956542969, 100.45152282714844, 'A', 360, 0, NULL),
(14, '2017-06-03', '18:42', 0, 0, 'A', 361, 0, NULL),
(14, '2017-06-03', '18:45', 13.756211280822754, 100.45153045654297, 'A', 362, 0, NULL),
(14, '2017-06-03', '18:45', 13.756211280822754, 100.45153045654297, 'A', 363, 0, NULL),
(14, '2017-06-03', '18:45', 13.756211280822754, 100.45153045654297, 'A', 364, 0, NULL),
(14, '2017-06-03', '18:45', 13.756211280822754, 100.45153045654297, 'A', 365, 0, NULL),
(14, '2017-06-03', '18:45', 13.756211280822754, 100.45153045654297, 'A', 366, 0, NULL),
(14, '2017-06-03', '18:45', 13.756211280822754, 100.45153045654297, 'A', 367, 0, NULL),
(14, '2017-06-03', '18:57', 13.75622844696045, 100.45153045654297, 'A', 368, 0, NULL),
(14, '2017-06-03', '18:57', 13.75622844696045, 100.45153045654297, 'A', 369, 0, NULL),
(14, '2017-06-03', '18:59', 0, 0, 'A', 370, 0, NULL),
(14, '2017-06-03', '18:59', 0, 0, 'A', 371, 0, NULL),
(14, '2017-06-03', '18:59', 0, 0, 'A', 372, 0, NULL),
(14, '2017-06-03', '18:59', 0, 0, 'A', 373, 0, NULL),
(14, '2017-06-03', '18:59', 0, 0, 'A', 374, 0, NULL),
(14, '2017-06-03', '18:59', 0, 0, 'A', 375, 0, NULL),
(14, '2017-06-03', '19:08', 0, 0, 'A', 376, 0, NULL),
(14, '2017-06-03', '19:08', 0, 0, 'A', 377, 0, NULL),
(14, '2017-06-03', '19:21', 0, 0, 'A', 378, 0, NULL),
(14, '2017-06-03', '19:30', 0, 0, 'A', 379, 0, NULL),
(14, '2017-06-03', '19:30', 0, 0, 'A', 380, 0, NULL),
(14, '2017-06-03', '19:33', 13.756217956542969, 100.45152282714844, 'A', 381, 0, NULL),
(14, '2017-06-03', '19:33', 13.756217956542969, 100.45152282714844, 'A', 382, 0, NULL),
(14, '2017-06-03', '19:33', 13.756217956542969, 100.45152282714844, 'A', 383, 0, NULL),
(14, '2017-06-03', '19:34', 13.756217956542969, 100.45152282714844, 'A', 384, 0, NULL),
(14, '2017-06-03', '19:37', 13.756211280822754, 100.45153045654297, 'A', 385, 0, NULL),
(14, '2017-06-03', '19:37', 13.756211280822754, 100.45153045654297, 'A', 386, 0, NULL),
(14, '2017-06-03', '19:45', 0, 0, 'A', 387, 0, NULL),
(14, '2017-06-03', '20:08', 13.756211280822754, 100.45153045654297, 'A', 388, 0, NULL),
(14, '2017-06-03', '20:08', 13.756211280822754, 100.45153045654297, 'A', 389, 0, NULL),
(14, '2017-06-03', '20:13', 0, 0, 'A', 390, 0, NULL),
(14, '2017-06-03', '20:14', 13.756211280822754, 100.45153045654297, 'A', 391, 0, NULL),
(14, '2017-06-03', '20:14', 13.756211280822754, 100.45153045654297, 'A', 392, 0, NULL),
(14, '2017-06-03', '20:14', 13.756211280822754, 100.45153045654297, 'A', 393, 0, NULL),
(14, '2017-06-03', '20:14', 13.756211280822754, 100.45153045654297, 'A', 394, 0, NULL),
(14, '2017-06-03', '20:15', 13.756211280822754, 100.45153045654297, 'A', 395, 0, NULL),
(14, '2017-06-12', '08:37', 0, 0, 'A', 396, 0, NULL),
(14, '2017-06-20', '04:58', 13.75623893737793, 100.45154571533203, 'A', 397, 0, NULL),
(14, '2017-06-20', '05:00', 13.756239891052246, 100.45152282714844, 'A', 398, 0, NULL),
(14, '2017-06-20', '05:00', 13.756239891052246, 100.45152282714844, 'A', 399, 0, NULL),
(14, '2017-06-20', '05:00', 13.756237983703613, 100.45156860351562, 'A', 400, 0, NULL),
(14, '2017-06-20', '05:00', 13.756237983703613, 100.45156860351562, 'A', 401, 0, NULL),
(14, '2017-06-20', '05:00', 13.756237983703613, 100.45156860351562, 'A', 402, 0, NULL),
(14, '2017-06-20', '05:01', 13.756261825561523, 100.45154571533203, 'A', 403, 0, NULL),
(14, '2017-06-20', '05:03', 13.756239891052246, 100.45152282714844, 'A', 404, 0, NULL),
(14, '2017-06-20', '05:03', 13.756239891052246, 100.45152282714844, 'A', 405, 0, NULL),
(14, '2017-06-20', '05:05', 13.75622844696045, 100.45153045654297, 'A', 406, 0, NULL),
(14, '2017-06-20', '05:05', 13.75622844696045, 100.45153045654297, 'A', 407, 0, NULL),
(14, '2017-06-20', '05:05', 13.75623893737793, 100.45154571533203, 'A', 408, 0, NULL),
(14, '2017-06-20', '05:05', 13.75623893737793, 100.45154571533203, 'A', 409, 0, NULL),
(14, '2017-06-20', '05:06', 13.756239891052246, 100.45152282714844, 'A', 410, 0, NULL),
(14, '2017-06-20', '05:06', 13.75622844696045, 100.45153045654297, 'A', 411, 0, NULL),
(14, '2017-06-20', '05:07', 13.75622844696045, 100.45153045654297, 'A', 412, 0, NULL),
(14, '2017-06-20', '05:07', 13.75623893737793, 100.45154571533203, 'A', 413, 0, NULL),
(14, '2017-06-20', '05:12', 13.75623893737793, 100.45154571533203, 'A', 414, 0, NULL),
(14, '2017-06-20', '05:12', 13.75623893737793, 100.45154571533203, 'A', 415, 0, NULL),
(14, '2017-06-20', '05:17', 13.75622844696045, 100.45153045654297, 'A', 416, 0, NULL),
(14, '2017-06-20', '05:17', 13.75623893737793, 100.45154571533203, 'A', 417, 0, NULL),
(14, '2017-06-20', '05:17', 13.75623893737793, 100.45154571533203, 'A', 418, 0, NULL),
(32, '2017-07-29', '18:48', 0, 0, 'A', 419, 0, NULL),
(32, '2017-07-29', '18:48', 0, 0, 'A', 420, 0, NULL),
(32, '2017-07-29', '18:49', 14.048766136169434, 99.90250396728516, 'A', 421, 0, NULL),
(32, '2017-07-29', '18:49', 14.048766136169434, 99.90250396728516, 'A', 422, 0, NULL),
(32, '2017-07-29', '21:58', 0, 0, 'A', 423, 0, NULL),
(14, '2017-08-01', '14:53', 14.048766136169434, 99.90250396728516, 'A', 432, 1, NULL),
(14, '2017-08-01', '14:54', 14.048766136169434, 99.90250396728516, 'A', 433, 1, NULL),
(11, '2017-08-01', '17:35', 111.11109924316406, 22.222200393676758, 'A', 441, 2, NULL),
(11, '2017-08-01', '17:35', 111.11109924316406, 22.222200393676758, 'A', 442, 1, NULL),
(14, '2017-08-01', '17:53', 14.048766136169434, 99.90250396728516, 'A', 443, 1, NULL),
(14, '2017-08-01', '17:53', 14.048766136169434, 99.90250396728516, 'A', 444, 2, NULL),
(14, '2017-08-01', '17:53', 14.048766136169434, 99.90250396728516, 'A', 445, 5, NULL),
(14, '2017-08-01', '17:54', 14.048766136169434, 99.90250396728516, 'A', 446, 4, NULL),
(14, '2017-08-01', '17:54', 14.048766136169434, 99.90250396728516, 'A', 447, 3, NULL),
(14, '2017-08-01', '17:54', 14.048766136169434, 99.90250396728516, 'A', 448, 99, NULL),
(14, '2017-08-02', '01:08', 14.048766136169434, 99.90250396728516, 'A', 451, 1, NULL),
(14, '2017-08-02', '01:08', 14.048766136169434, 99.90250396728516, 'A', 452, 2, NULL),
(14, '2017-08-02', '01:08', 14.048766136169434, 99.90250396728516, 'A', 453, 5, NULL),
(14, '2017-08-02', '01:08', 14.048766136169434, 99.90250396728516, 'A', 454, 4, NULL),
(14, '2017-08-02', '01:08', 14.048766136169434, 99.90250396728516, 'G', 455, 3, NULL),
(14, '2017-08-02', '01:08', 14.048766136169434, 99.90250396728516, 'G', 456, 99, NULL),
(14, '2017-08-02', '01:08', 14.048766136169434, 99.90250396728516, 'R', 457, 1, NULL),
(14, '2017-08-02', '17:08', 14.048766136169434, 99.90250396728516, 'C', 461, 99, NULL),
(14, '2017-08-03', '10:22', 14.048766136169434, 99.90250396728516, 'A', 462, 5, NULL),
(14, '2017-08-03', '10:23', 14.048766136169434, 99.90250396728516, 'A', 463, 99, NULL),
(14, '2017-08-03', '10:23', 14.048766136169434, 99.90250396728516, 'A', 464, 4, NULL),
(14, '2017-08-03', '10:23', 14.048766136169434, 99.90250396728516, 'A', 465, 3, NULL),
(14, '2017-08-03', '10:23', 14.048766136169434, 99.90250396728516, 'A', 466, 2, NULL),
(14, '2017-08-03', '10:23', 14.048766136169434, 99.90250396728516, 'A', 467, 1, NULL),
(14, '2017-08-03', '10:23', 14.048766136169434, 99.90250396728516, 'A', 468, 1, NULL),
(14, '2017-08-03', '10:35', 0, 0, 'A', 469, 2, NULL),
(14, '2017-08-03', '10:35', 14.04861831665039, 99.9026870727539, 'A', 470, 2, NULL),
(14, '2017-08-03', '10:37', 14.04861831665039, 99.9026870727539, 'A', 471, 99, NULL),
(14, '2017-08-03', '10:38', 14.050712585449219, 99.91281127929688, 'A', 472, 1, NULL),
(14, '2017-08-03', '10:39', 14.050712585449219, 99.91281127929688, 'A', 473, 2, NULL),
(14, '2017-08-03', '10:39', 14.041143417358398, 99.92747497558594, 'A', 474, 1, NULL),
(14, '2017-08-03', '10:40', 14.02898120880127, 99.92677307128906, 'A', 475, 1, NULL),
(14, '2017-08-03', '10:40', 14.051774024963379, 99.91316223144531, 'A', 476, 1, NULL),
(14, '2017-08-03', '10:40', 14.050712585449219, 99.91281127929688, 'A', 477, 4, NULL),
(14, '2017-08-03', '10:42', 14.051774024963379, 99.91316223144531, 'A', 478, 1, NULL),
(14, '2017-08-03', '10:43', 14.050582885742188, 99.91595458984375, 'A', 479, 1, NULL),
(14, '2017-08-03', '10:44', 14.050582885742188, 99.91595458984375, 'A', 480, 1, NULL),
(14, '2017-08-03', '10:45', 14.051774024963379, 99.91316223144531, 'A', 481, 1, NULL),
(14, '2017-08-03', '10:45', 14.058343887329102, 99.91036224365234, 'A', 482, 2, NULL),
(14, '2017-08-03', '10:46', 14.051774024963379, 99.91316223144531, 'A', 483, 99, NULL),
(14, '2017-08-03', '10:47', 14.050052642822266, 99.9026870727539, 'A', 484, 5, NULL),
(14, '2017-08-03', '10:48', 14.050582885742188, 99.91595458984375, 'A', 485, 5, NULL),
(14, '2017-08-03', '10:49', 14.050582885742188, 99.91595458984375, 'A', 486, 1, NULL),
(14, '2017-08-03', '10:51', 14.04716968536377, 99.90303802490234, 'A', 487, 99, NULL),
(14, '2017-08-03', '22:55', 14.048766136169434, 99.90250396728516, 'A', 488, 5, NULL),
(14, '2017-08-04', '11:03', 14.048871040344238, 99.90253448486328, 'A', 489, 2, NULL),
(14, '2017-08-04', '11:04', 14.048871040344238, 99.90253448486328, 'A', 490, 2, NULL),
(14, '2017-08-04', '11:05', 14.048928260803223, 99.90251922607422, 'A', 491, 99, NULL),
(14, '2017-08-04', '11:07', 14.048928260803223, 99.90251922607422, 'A', 492, 1, NULL),
(14, '2017-08-04', '11:07', 14.048928260803223, 99.90251922607422, 'A', 493, 5, NULL),
(14, '2017-08-04', '11:11', 14.048928260803223, 99.90251922607422, 'A', 494, 1, NULL),
(14, '2017-08-04', '11:12', 14.048928260803223, 99.90251922607422, 'A', 495, 5, NULL),
(14, '2017-08-04', '11:12', 14.048928260803223, 99.90251922607422, 'A', 496, 1, NULL),
(14, '2017-08-04', '11:12', 14.048928260803223, 99.90251922607422, 'A', 497, 1, NULL),
(14, '2017-08-04', '11:13', 14.048928260803223, 99.90251922607422, 'A', 498, 1, NULL),
(14, '2017-08-04', '11:15', 14.048928260803223, 99.90251922607422, 'A', 499, 4, NULL),
(14, '2017-08-04', '11:15', 14.048928260803223, 99.90251922607422, 'A', 500, 4, NULL),
(14, '2017-08-04', '11:16', 14.048928260803223, 99.90251922607422, 'A', 501, 1, NULL),
(14, '2017-08-04', '11:16', 14.04709992792297, 99.90276396274567, 'A', 502, 99, NULL),
(14, '2017-08-05', '00:31', 14.048771858215332, 99.90250396728516, 'A', 503, 1, NULL),
(14, '2017-08-05', '10:35', 14.048815727233887, 99.90251922607422, 'A', 504, 99, NULL),
(14, '2017-08-05', '10:37', 14.050052642822266, 99.9026870727539, 'A', 505, 4, NULL),
(14, '2017-08-05', '10:38', 14.04716968536377, 99.90303802490234, 'A', 506, 99, NULL),
(14, '2017-08-05', '10:38', 14.04716968536377, 99.90303802490234, 'U', 507, 1, 0),
(14, '2017-08-05', '10:39', 14.050081253051758, 99.90198516845703, 'A', 508, 99, NULL),
(14, '2017-08-05', '10:40', 14.04716968536377, 99.90303802490234, 'A', 509, 3, NULL),
(14, '2017-08-05', '10:40', 14.04861831665039, 99.9026870727539, 'A', 510, 4, NULL),
(14, '2017-08-05', '10:41', 14.05402660369873, 99.89325714111328, 'A', 511, 3, NULL),
(14, '2017-08-05', '10:42', 14.05402660369873, 99.89325714111328, 'A', 512, 1, NULL),
(14, '2017-08-05', '10:46', 14.047829627990723, 99.90443420410156, 'A', 513, 99, NULL),
(14, '2017-08-05', '10:47', 14.050081253051758, 99.90198516845703, 'A', 514, 5, NULL),
(14, '2017-08-05', '10:48', 14.050582885742188, 99.91595458984375, 'A', 515, 5, NULL),
(14, '2017-08-05', '10:49', 14.050582885742188, 99.91595458984375, 'A', 516, 99, NULL),
(14, '2017-08-05', '10:50', 14.050712585449219, 99.91281127929688, 'A', 517, 3, NULL),
(14, '2017-08-05', '10:52', 14.051774024963379, 99.91316223144531, 'A', 518, 5, NULL),
(14, '2017-08-05', '10:54', 14.04861831665039, 99.9026870727539, 'A', 519, 1, NULL),
(14, '2017-08-05', '10:55', 14.04716968536377, 99.90303802490234, 'A', 520, 99, NULL),
(14, '2017-08-05', '11:05', 14.048766136169434, 99.90250396728516, 'A', 521, 2, NULL),
(14, '2017-08-05', '11:27', 14.048766136169434, 99.90250396728516, 'A', 522, 99, NULL),
(14, '2017-08-05', '11:30', 14.048771858215332, 99.90250396728516, 'A', 523, 5, NULL),
(14, '2017-08-05', '11:30', 14.048771858215332, 99.90250396728516, 'A', 524, 2, NULL),
(14, '2017-08-05', '11:31', 14.048766136169434, 99.90250396728516, 'U', 525, 1, 0),
(14, '2017-08-05', '11:31', 14.049201011657715, 99.90241241455078, 'A', 526, 2, NULL),
(14, '2017-08-05', '11:31', 14.049201011657715, 99.90241241455078, 'A', 527, 4, NULL),
(14, '2017-08-05', '11:32', 14.050004959106445, 99.90250396728516, 'A', 528, 5, NULL),
(14, '2017-08-05', '11:32', 14.0503568649292, 99.90196228027344, 'A', 529, 4, NULL),
(14, '2017-08-05', '11:33', 14.0503568649292, 99.90196228027344, 'A', 530, 1, NULL),
(14, '2017-08-05', '11:33', 14.051310539245605, 99.9013900756836, 'A', 531, 2, NULL),
(14, '2017-08-05', '11:33', 14.051966667175293, 99.9009780883789, 'U', 532, 99, 0),
(14, '2017-08-05', '11:34', 14.052216529846191, 99.90103912353516, 'A', 533, 99, NULL),
(14, '2017-08-05', '11:34', 14.052216529846191, 99.90103912353516, 'A', 534, 1, NULL),
(14, '2017-08-05', '11:34', 14.052216529846191, 99.90103912353516, 'A', 535, 2, NULL),
(14, '2017-08-05', '11:35', 14.052132606506348, 99.90251922607422, 'A', 536, 4, NULL),
(14, '2017-08-05', '11:35', 14.051959037780762, 99.90238952636719, 'A', 537, 4, NULL),
(14, '2017-08-05', '11:35', 14.052077293395996, 99.90278625488281, 'A', 538, 99, NULL),
(14, '2017-08-05', '11:36', 14.049834251403809, 99.90255737304688, 'A', 539, 1, NULL),
(14, '2017-08-06', '09:17', 14.048772811889648, 99.90248107910156, 'G', 541, 1, 1),
(14, '2017-08-06', '09:20', 14.048766136169434, 99.90250396728516, 'G', 542, 1, 1),
(14, '2017-08-06', '09:37', 14.048766136169434, 99.90250396728516, 'A', 543, 1, NULL),
(14, '2017-08-06', '09:39', 14.050139427185059, 99.90250396728516, 'A', 544, 2, NULL),
(14, '2017-08-06', '09:39', 14.050398826599121, 99.90217590332031, 'A', 545, 2, NULL),
(14, '2017-08-06', '09:40', 14.0503568649292, 99.90196228027344, 'A', 546, 2, NULL),
(14, '2017-08-06', '09:40', 14.0503568649292, 99.90196228027344, 'A', 547, 5, NULL),
(14, '2017-08-06', '09:41', 14.052285194396973, 99.90099334716797, 'A', 548, 5, NULL),
(14, '2017-08-06', '09:42', 14.052224159240723, 99.90084075927734, 'G', 549, 5, 1),
(14, '2017-08-06', '09:43', 14.052672386169434, 99.90274810791016, 'G', 550, 5, 1),
(14, '2017-08-06', '09:43', 14.052672386169434, 99.90274810791016, 'G', 551, 1, 1),
(14, '2017-08-06', '09:43', 14.052672386169434, 99.90274810791016, 'A', 552, 4, NULL),
(14, '2017-08-06', '09:44', 14.052672386169434, 99.90274810791016, 'G', 553, 4, 1),
(14, '2017-08-06', '09:45', 14.052672386169434, 99.90274810791016, 'G', 554, 4, 1),
(14, '2017-08-06', '09:47', 14.05259895324707, 99.90140533447266, 'A', 555, 5, NULL),
(14, '2017-08-06', '09:48', 14.052184104919434, 99.9023666381836, 'A', 556, 1, NULL),
(14, '2017-08-06', '09:48', 14.052191734313965, 99.9024429321289, 'G', 557, 1, 1),
(14, '2017-08-06', '09:49', 14.053864479064941, 99.90238952636719, 'A', 558, 1, NULL),
(14, '2017-08-06', '09:50', 14.053864479064941, 99.90238952636719, 'G', 559, 1, 1),
(14, '2017-08-06', '09:53', 14.048995018005371, 99.90251922607422, 'G', 560, 1, 1),
(14, '2017-08-06', '09:54', 14.048766136169434, 99.90250396728516, 'G', 561, 3, 1),
(14, '2017-08-06', '09:54', 14.048766136169434, 99.90250396728516, 'G', 562, 1, 1),
(14, '2017-08-07', '11:07', 14.048766136169434, 99.90250396728516, 'G', 563, 99, 1),
(14, '2017-08-07', '11:16', 0, 0, 'A', 564, 1, NULL),
(14, '2017-08-07', '11:17', 14.048766136169434, 99.90250396728516, 'A', 565, 1, NULL),
(14, '2017-08-07', '11:17', 14.048766136169434, 99.90250396728516, 'A', 566, 2, NULL),
(14, '2017-08-07', '11:41', 14.048766136169434, 99.90250396728516, 'G', 567, 4, 1),
(14, '2017-08-07', '17:53', 14.047843933105469, 99.90408325195312, 'A', 568, 99, NULL),
(14, '2017-08-07', '17:55', 14.047843933105469, 99.90408325195312, 'A', 569, 99, NULL),
(14, '2017-08-07', '17:57', 14.055647850036621, 99.88872528076172, 'A', 570, 99, NULL),
(14, '2017-08-07', '18:02', 14.055948257446289, 99.88139343261719, 'G', 571, 1, 1),
(14, '2017-08-07', '18:02', 14.055948257446289, 99.88139343261719, 'A', 572, 1, NULL),
(14, '2017-08-07', '18:02', 14.05059814453125, 99.88941955566406, 'A', 573, 1, NULL),
(14, '2017-08-07', '18:05', 14.04861831665039, 99.9026870727539, 'A', 574, 99, NULL),
(14, '2017-08-07', '18:10', 14.050081253051758, 99.90198516845703, 'A', 575, 1, NULL),
(14, '2017-08-07', '18:14', 14.050052642822266, 99.9026870727539, 'G', 576, 1, 1),
(14, '2017-08-07', '18:15', 14.04716968536377, 99.90303802490234, 'G', 577, 1, 1),
(14, '2017-08-07', '18:15', 14.050052642822266, 99.9026870727539, 'G', 578, 99, 1),
(14, '2017-08-07', '23:16', 14.048766136169434, 99.90250396728516, 'A', 579, 5, NULL),
(14, '2017-08-07', '23:16', 14.048766136169434, 99.90250396728516, 'A', 580, 1, NULL),
(14, '2017-08-07', '23:16', 14.048766136169434, 99.90250396728516, 'A', 581, 5, NULL),
(14, '2017-08-07', '23:33', 14.048766136169434, 99.90250396728516, 'A', 582, 1, NULL),
(14, '2017-08-07', '23:34', 14.048766136169434, 99.90250396728516, 'A', 583, 1, NULL),
(14, '2017-08-07', '23:34', 14.048766136169434, 99.90250396728516, 'A', 584, 1, NULL),
(14, '2017-08-07', '23:38', 0, 0, 'A', 585, 99, NULL),
(14, '2017-08-07', '23:38', 14.048766136169434, 99.90250396728516, 'A', 586, 99, NULL),
(14, '2017-08-08', '00:01', 14.048766136169434, 99.90250396728516, 'A', 587, 99, NULL),
(14, '2017-08-08', '10:24', 14.013494491577148, 99.98930358886719, 'G', 588, 1, 1),
(14, '2017-08-08', '10:25', 14.016292572021484, 99.98231506347656, 'A', 589, 1, NULL),
(14, '2017-08-08', '11:57', 13.812804222106934, 100.0704116821289, 'A', 590, 2, NULL),
(14, '2017-08-08', '12:30', 13.777787208557129, 100.22479248046875, 'A', 591, 5, NULL),
(14, '2017-08-08', '12:30', 13.777787208557129, 100.22479248046875, 'A', 592, 5, NULL),
(14, '2017-08-08', '13:27', 0, 0, 'A', 593, 99, NULL),
(14, '2017-08-08', '13:27', 13.67756462097168, 100.49990844726562, 'A', 594, 4, NULL),
(14, '2017-08-08', '13:35', 13.666970252990723, 100.50553131103516, 'A', 595, 4, NULL),
(14, '2017-08-08', '13:42', 13.64810848236084, 100.49568939208984, 'A', 596, 3, NULL),
(14, '2017-08-08', '13:45', 13.64944839477539, 100.48936462402344, 'G', 597, 3, 1),
(14, '2017-08-08', '22:40', 13.753299713134766, 100.50479888916016, 'A', 598, 1, NULL),
(14, '2017-08-08', '22:40', 13.753299713134766, 100.50479888916016, 'A', 599, 2, NULL),
(14, '2017-08-08', '22:40', 13.753299713134766, 100.50479888916016, 'A', 600, 2, NULL),
(14, '2017-08-08', '22:40', 13.753299713134766, 100.50479888916016, 'A', 601, 2, NULL),
(14, '2017-08-08', '22:40', 13.753299713134766, 100.50479888916016, 'A', 602, 1, NULL),
(14, '2017-08-08', '22:40', 13.753299713134766, 100.50479888916016, 'A', 603, 5, NULL),
(14, '2017-08-08', '22:40', 13.753299713134766, 100.50479888916016, 'A', 604, 4, NULL),
(14, '2017-08-08', '22:40', 13.753299713134766, 100.50479888916016, 'A', 605, 3, NULL),
(14, '2017-08-08', '22:40', 13.753299713134766, 100.50479888916016, 'U', 606, 99, 0),
(14, '2017-08-08', '22:40', 13.753299713134766, 100.50479888916016, 'A', 607, 5, NULL),
(14, '2017-08-08', '22:40', 13.753299713134766, 100.50479888916016, 'A', 608, 4, NULL),
(14, '2017-08-08', '22:40', 13.753299713134766, 100.50479888916016, 'A', 609, 3, NULL),
(14, '2017-08-08', '22:40', 13.753299713134766, 100.50479888916016, 'A', 610, 5, NULL),
(14, '2017-08-08', '22:40', 13.753299713134766, 100.50479888916016, 'A', 611, 4, NULL),
(14, '2017-08-08', '22:41', 13.753299713134766, 100.50479888916016, 'A', 612, 4, NULL),
(14, '2017-08-08', '22:41', 13.753299713134766, 100.50479888916016, 'A', 613, 4, NULL),
(14, '2017-08-08', '22:41', 13.753299713134766, 100.50479888916016, 'A', 614, 2, NULL),
(14, '2017-08-08', '22:41', 13.753299713134766, 100.50479888916016, 'A', 615, 2, NULL),
(14, '2017-08-08', '22:41', 13.753299713134766, 100.50479888916016, 'A', 616, 5, NULL),
(14, '2017-08-08', '22:41', 13.753299713134766, 100.50479888916016, 'A', 617, 5, NULL),
(14, '2017-08-08', '22:41', 13.753299713134766, 100.50479888916016, 'A', 618, 4, NULL),
(14, '2017-08-08', '22:42', 13.753299713134766, 100.50479888916016, 'A', 619, 3, NULL),
(14, '2017-08-08', '22:42', 13.753299713134766, 100.50479888916016, 'U', 620, 99, 0),
(14, '2017-08-08', '22:54', 0, 0, 'A', 621, 99, NULL),
(14, '2017-08-08', '22:54', 0, 0, 'A', 622, 5, NULL),
(14, '2017-08-08', '22:54', 0, 0, 'A', 623, 3, NULL),
(14, '2017-08-08', '22:54', 0, 0, 'A', 624, 2, NULL),
(14, '2017-08-08', '22:54', 0, 0, 'A', 625, 4, NULL),
(14, '2017-08-08', '22:54', 0, 0, 'A', 626, 1, NULL),
(14, '2017-08-08', '22:54', 0, 0, 'A', 627, 99, NULL),
(14, '2017-08-08', '23:15', 0, 0, 'A', 628, 99, NULL),
(14, '2017-08-08', '23:15', 0, 0, 'A', 629, 1, NULL),
(14, '2017-08-08', '23:15', 0, 0, 'A', 630, 2, NULL),
(14, '2017-08-08', '23:15', 0, 0, 'A', 631, 5, NULL),
(14, '2017-08-08', '23:15', 0, 0, 'A', 632, 4, NULL),
(14, '2017-08-08', '23:15', 0, 0, 'A', 633, 3, NULL),
(14, '2017-08-08', '23:15', 13.756237030029297, 100.45152282714844, 'U', 634, 1, 0),
(14, '2017-08-08', '23:18', 13.756237030029297, 100.45152282714844, 'A', 635, 1, NULL),
(14, '2017-08-08', '23:18', 13.756237030029297, 100.45152282714844, 'A', 636, 1, NULL),
(14, '2017-08-08', '23:21', 13.756237030029297, 100.45152282714844, 'A', 637, 1, NULL),
(14, '2017-08-08', '23:21', 13.756237030029297, 100.45152282714844, 'A', 638, 1, NULL),
(14, '2017-08-09', '10:38', 0, 0, 'A', 639, 1, NULL),
(14, '2017-08-09', '10:38', 13.651527404785156, 100.4937515258789, 'A', 640, 1, NULL),
(14, '2017-08-09', '15:34', 13.64673900604248, 100.48722839355469, 'A', 641, 2, NULL),
(14, '2017-08-09', '15:34', 13.64673900604248, 100.48722839355469, 'A', 642, 1, NULL),
(14, '2017-08-09', '15:36', 13.64673900604248, 100.48722839355469, 'A', 643, 1, NULL),
(14, '2017-08-15', '04:50', 0, 0, 'A', 644, 1, NULL),
(14, '2017-08-15', '18:16', 0, 0, 'A', 645, 99, NULL),
(14, '2017-08-15', '18:16', 13.75622844696045, 100.45153045654297, 'A', 646, 3, NULL),
(14, '2017-08-15', '18:20', 0, 0, 'U', 647, 99, 0),
(14, '2017-08-15', '18:25', 0, 0, 'A', 648, 3, NULL),
(14, '2017-08-15', '18:33', 13.756239891052246, 100.45152282714844, 'A', 649, 1, NULL),
(14, '2017-08-19', '18:33', 13.756217002868652, 100.45154571533203, 'A', 650, 1, NULL),
(14, '2017-08-17', '07:32', 13.699747085571289, 100.48403930664062, 'G', 651, 1, 1),
(14, '2017-08-17', '08:24', 13.673508644104004, 100.50555419921875, 'G', 652, 5, 1),
(14, '2017-08-17', '21:06', 13.64671802520752, 100.4871826171875, 'G', 653, 1, 1),
(14, '2017-08-19', '10:31', 13.64671802520752, 100.4871826171875, 'C', 654, 1, 1),
(14, '2017-08-19', '15:12', 0, 0, 'A', 655, 4, NULL),
(14, '2017-08-19', '15:13', 13.652583122253418, 100.49357604980469, 'C', 656, 4, 1),
(14, '2017-08-19', '15:13', 13.652583122253418, 100.49357604980469, 'A', 657, 2, NULL),
(14, '2017-08-19', '18:37', 13.756192207336426, 100.45160675048828, 'A', 658, 1, NULL),
(14, '2017-08-19', '18:37', 13.756192207336426, 100.45160675048828, 'A', 659, 1, NULL),
(14, '2017-08-19', '18:37', 13.756192207336426, 100.45160675048828, 'A', 660, 1, NULL),
(14, '2017-08-19', '18:40', 13.756217002868652, 100.45154571533203, 'A', 661, 1, NULL),
(14, '2017-08-20', '01:14', 13.646476745605469, 100.48709106445312, 'A', 662, 99, NULL),
(14, '2017-08-20', '01:15', 13.64671802520752, 100.4871826171875, 'A', 663, 5, NULL),
(14, '2017-08-20', '01:15', 13.64671802520752, 100.4871826171875, 'A', 664, 3, NULL),
(14, '2017-08-20', '10:15', 13.756202697753906, 100.45187377929688, 'A', 665, 1, NULL),
(14, '2017-08-20', '12:54', 13.652976036071777, 100.4940414428711, 'A', 666, 1, NULL),
(14, '2017-08-20', '13:05', 13.652987480163574, 100.49403381347656, 'A', 667, 1, NULL),
(14, '2017-08-20', '13:20', 13.652987480163574, 100.49403381347656, 'A', 668, 1, NULL),
(14, '2017-08-20', '13:21', 13.652987480163574, 100.49403381347656, 'A', 669, 1, NULL),
(14, '2017-08-20', '13:23', 13.652986526489258, 100.49405670166016, 'A', 670, 1, NULL),
(14, '2017-08-20', '13:26', 13.652976036071777, 100.4940414428711, 'A', 671, 1, NULL),
(14, '2017-08-20', '14:23', 13.652987480163574, 100.49403381347656, 'A', 672, 1, NULL),
(14, '2017-08-20', '14:24', 13.652987480163574, 100.49403381347656, 'A', 673, 99, NULL),
(14, '2017-08-20', '14:25', 13.652983665466309, 100.49403381347656, 'A', 674, 1, NULL),
(14, '2017-08-20', '14:30', 13.652987480163574, 100.49403381347656, 'A', 675, 1, NULL),
(14, '2017-08-20', '14:48', 13.653011322021484, 100.49401092529297, 'A', 676, 4, NULL),
(14, '2017-08-20', '14:49', 13.653011322021484, 100.49401092529297, 'A', 677, 1, NULL),
(14, '2017-08-20', '14:53', 13.652987480163574, 100.49403381347656, 'A', 678, 1, NULL),
(14, '2017-08-20', '15:01', 13.652987480163574, 100.49403381347656, 'A', 679, 1, NULL),
(14, '2017-08-20', '15:16', 13.652987480163574, 100.49403381347656, 'A', 680, 1, NULL),
(14, '2017-08-20', '15:19', 0, 0, 'A', 681, 4, NULL),
(14, '2017-08-20', '15:19', 0, 0, 'A', 682, 99, NULL),
(14, '2017-08-20', '16:31', 13.652987480163574, 100.49403381347656, 'A', 683, 1, NULL),
(14, '2017-08-20', '20:04', 13.756214141845703, 100.45160675048828, 'A', 684, 1, NULL),
(14, '2017-08-20', '20:24', 13.756196022033691, 100.45152282714844, 'A', 685, 1, NULL),
(14, '2017-08-20', '20:31', 13.756196022033691, 100.45152282714844, 'A', 686, 1, NULL),
(14, '2017-08-20', '20:35', 13.756196022033691, 100.45152282714844, 'A', 687, 1, NULL),
(14, '2017-08-20', '20:35', 13.756196022033691, 100.45152282714844, 'A', 688, 1, NULL),
(14, '2017-08-20', '20:35', 13.756196022033691, 100.45152282714844, 'A', 689, 1, NULL),
(14, '2017-08-20', '20:36', 13.756196022033691, 100.45152282714844, 'A', 690, 1, NULL),
(14, '2017-08-20', '20:36', 13.756196022033691, 100.45152282714844, 'A', 691, 1, NULL),
(14, '2017-08-20', '20:36', 13.756196022033691, 100.45152282714844, 'A', 692, 1, NULL),
(14, '2017-08-20', '20:36', 13.756196022033691, 100.45152282714844, 'A', 693, 1, NULL),
(14, '2017-08-20', '20:36', 13.756196022033691, 100.45152282714844, 'A', 694, 1, NULL),
(14, '2017-08-20', '20:37', 13.756196022033691, 100.45152282714844, 'A', 695, 1, NULL),
(14, '2017-08-20', '20:37', 13.756196022033691, 100.45152282714844, 'A', 696, 1, NULL),
(14, '2017-08-20', '20:37', 13.756196022033691, 100.45152282714844, 'A', 697, 1, NULL),
(14, '2017-08-20', '20:38', 13.756196022033691, 100.45152282714844, 'A', 698, 1, NULL),
(14, '2017-08-20', '20:38', 13.756196022033691, 100.45152282714844, 'A', 699, 1, NULL),
(14, '2017-08-20', '20:39', 13.756196022033691, 100.45152282714844, 'A', 700, 1, NULL),
(14, '2017-08-20', '20:40', 13.756217956542969, 100.45152282714844, 'A', 701, 1, NULL),
(14, '2017-08-20', '20:40', 13.756217956542969, 100.45152282714844, 'A', 702, 5, NULL),
(14, '2017-08-20', '20:41', 13.756217956542969, 100.45152282714844, 'A', 703, 1, NULL),
(14, '2017-08-20', '20:41', 13.756217956542969, 100.45152282714844, 'A', 704, 4, NULL),
(14, '2017-08-20', '20:42', 13.756217956542969, 100.45152282714844, 'A', 705, 1, NULL),
(14, '2017-08-20', '20:42', 13.756217956542969, 100.45152282714844, 'A', 706, 3, NULL),
(14, '2017-08-20', '20:43', 13.756217956542969, 100.45152282714844, 'A', 707, 1, NULL);
INSERT INTO `accident` (`userId`, `date`, `time`, `latitude`, `longitude`, `accCode`, `accidentId`, `accType`, `responsibleRescr`) VALUES
(14, '2017-08-20', '20:44', 13.756217956542969, 100.45152282714844, 'A', 708, 1, NULL),
(14, '2017-08-20', '20:45', 13.756217956542969, 100.45152282714844, 'A', 709, 1, NULL),
(14, '2017-08-20', '20:52', 13.756196022033691, 100.45152282714844, 'A', 710, 1, NULL),
(14, '2017-08-20', '20:54', 13.756205558776855, 100.45155334472656, 'A', 711, 1, NULL),
(14, '2017-08-20', '20:54', 13.756196022033691, 100.45152282714844, 'A', 712, 1, NULL),
(14, '2017-08-20', '20:55', 13.756196022033691, 100.45152282714844, 'A', 713, 1, NULL),
(14, '2017-08-20', '20:55', 13.756196022033691, 100.45152282714844, 'A', 714, 1, NULL),
(14, '2017-08-20', '20:55', 13.756196022033691, 100.45152282714844, 'A', 715, 1, NULL),
(14, '2017-08-20', '20:55', 13.756196022033691, 100.45152282714844, 'A', 716, 1, NULL),
(14, '2017-08-20', '20:56', 13.756196022033691, 100.45152282714844, 'A', 717, 1, NULL),
(14, '2017-08-20', '20:56', 13.756196022033691, 100.45152282714844, 'A', 718, 1, NULL),
(14, '2017-08-20', '20:58', 13.756196022033691, 100.45152282714844, 'A', 719, 1, NULL),
(14, '2017-08-20', '20:59', 13.756196022033691, 100.45152282714844, 'A', 720, 1, NULL),
(14, '2017-08-20', '20:59', 13.756196022033691, 100.45152282714844, 'A', 721, 1, NULL),
(14, '2017-08-20', '21:03', 13.756217002868652, 100.45154571533203, 'A', 722, 1, NULL),
(14, '2017-08-20', '21:03', 13.756196022033691, 100.45152282714844, 'A', 723, 1, NULL),
(14, '2017-08-20', '21:03', 13.756205558776855, 100.45155334472656, 'A', 724, 1, NULL),
(14, '2017-08-20', '21:04', 13.756196022033691, 100.45152282714844, 'A', 725, 1, NULL),
(14, '2017-08-20', '21:05', 0, 0, 'A', 726, 4, NULL),
(14, '2017-08-20', '21:08', 13.756196022033691, 100.45152282714844, 'A', 727, 1, NULL),
(14, '2017-08-20', '21:08', 13.756196022033691, 100.45152282714844, 'A', 728, 1, NULL),
(14, '2017-08-20', '21:09', 13.756195068359375, 100.45154571533203, 'A', 729, 1, NULL),
(14, '2017-08-20', '21:09', 13.756196022033691, 100.45152282714844, 'A', 730, 1, NULL),
(14, '2017-08-20', '21:09', 13.756196022033691, 100.45152282714844, 'A', 731, 1, NULL),
(14, '2017-08-20', '21:51', 13.756195068359375, 100.45154571533203, 'A', 732, 1, NULL),
(14, '2017-08-20', '21:51', 13.756195068359375, 100.45154571533203, 'A', 733, 1, NULL),
(14, '2017-08-20', '22:02', 13.756196022033691, 100.45152282714844, 'A', 734, 1, NULL),
(14, '2017-08-20', '22:02', 13.756195068359375, 100.45154571533203, 'A', 735, 1, NULL),
(14, '2017-08-20', '22:20', 13.756203651428223, 100.45153045654297, 'A', 736, 1, NULL),
(14, '2017-08-20', '22:20', 13.75622844696045, 100.45153045654297, 'A', 737, 1, NULL),
(14, '2017-08-20', '22:47', 13.756196022033691, 100.45152282714844, 'A', 738, 1, NULL),
(14, '2017-08-20', '22:48', 13.756196022033691, 100.45152282714844, 'A', 739, 1, NULL),
(14, '2017-08-20', '22:57', 13.756196022033691, 100.45152282714844, 'A', 740, 1, NULL),
(14, '2017-08-20', '23:01', 13.756203651428223, 100.45153045654297, 'A', 741, 1, NULL),
(14, '2017-08-20', '23:02', 13.756203651428223, 100.45153045654297, 'A', 742, 1, NULL),
(14, '2017-08-20', '23:02', 13.756203651428223, 100.45153045654297, 'A', 743, 1, NULL),
(14, '2017-08-20', '23:12', 13.756196022033691, 100.45152282714844, 'A', 744, 1, NULL),
(14, '2017-08-20', '23:12', 13.756196022033691, 100.45152282714844, 'A', 745, 1, NULL),
(14, '2017-08-21', '00:12', 13.64671802520752, 100.4871826171875, 'A', 746, 2, NULL),
(14, '2017-08-21', '02:00', 0, 0, 'A', 747, 1, NULL),
(14, '2017-08-21', '09:44', 13.756205558776855, 100.45155334472656, 'A', 748, 1, NULL),
(14, '2017-08-21', '09:44', 13.756196022033691, 100.45152282714844, 'A', 749, 1, NULL),
(14, '2017-08-21', '10:26', 0, 0, 'A', 750, 99, NULL),
(14, '2017-08-21', '10:33', 0, 0, 'A', 751, 2, NULL),
(14, '2017-08-21', '10:33', 0, 0, 'A', 752, 99, NULL),
(14, '2017-08-21', '10:34', 0, 0, 'A', 753, 1, NULL),
(14, '2017-08-21', '10:37', 0, 0, 'A', 754, 1, NULL),
(14, '2017-08-21', '10:37', 0, 0, 'A', 755, 1, NULL),
(14, '2017-08-21', '10:50', 13.652227401733398, 100.49380493164062, 'A', 756, 99, NULL),
(14, '2017-08-21', '10:50', 13.652219772338867, 100.4937973022461, 'A', 757, 2, NULL),
(14, '2017-08-21', '11:20', 13.652485847473145, 100.49376678466797, 'A', 758, 1, NULL),
(14, '2017-08-21', '11:21', 0, 0, 'A', 759, 99, NULL),
(14, '2017-08-21', '11:21', 0, 0, 'A', 760, 5, NULL),
(14, '2017-08-21', '11:21', 13.652485847473145, 100.49376678466797, 'A', 761, 1, NULL),
(14, '2017-08-21', '11:21', 13.652485847473145, 100.49376678466797, 'A', 762, 1, NULL),
(14, '2017-08-21', '11:23', 13.652485847473145, 100.49376678466797, 'A', 763, 1, NULL),
(14, '2017-08-21', '11:23', 13.652485847473145, 100.49376678466797, 'A', 764, 1, NULL),
(14, '2017-08-21', '11:49', 13.651690483093262, 100.49515533447266, 'A', 765, 1, NULL),
(14, '2017-08-21', '12:03', 13.651690483093262, 100.49515533447266, 'A', 766, 1, NULL),
(14, '2017-08-21', '12:03', 13.651690483093262, 100.49515533447266, 'A', 767, 2, NULL),
(14, '2017-08-21', '12:06', 0, 0, 'A', 768, 3, NULL),
(14, '2017-08-21', '12:07', 0, 0, 'U', 769, 4, 0),
(14, '2017-08-21', '12:07', 0, 0, 'A', 770, 5, NULL),
(14, '2017-08-21', '12:08', 13.651711463928223, 100.49517822265625, 'A', 771, 1, NULL),
(14, '2017-08-21', '12:08', 13.651689529418945, 100.49517822265625, 'A', 772, 99, NULL),
(14, '2017-08-21', '12:09', 0, 0, 'A', 773, 2, NULL),
(14, '2017-08-21', '12:09', 13.651689529418945, 100.49517822265625, 'A', 774, 2, NULL),
(14, '2017-08-21', '12:09', 13.651689529418945, 100.49517822265625, 'A', 775, 4, NULL),
(14, '2017-08-21', '12:09', 13.651689529418945, 100.49517822265625, 'A', 776, 1, NULL),
(14, '2017-08-21', '12:10', 13.651689529418945, 100.49517822265625, 'A', 777, 99, NULL),
(14, '2017-08-21', '12:17', 13.651690483093262, 100.49515533447266, 'A', 778, 2, NULL),
(14, '2017-08-21', '12:18', 13.651690483093262, 100.49515533447266, 'A', 779, 1, NULL),
(14, '2017-08-21', '12:18', 13.651690483093262, 100.49515533447266, 'A', 780, 5, NULL),
(14, '2017-08-21', '12:33', 13.652496337890625, 100.49378204345703, 'A', 781, 2, NULL),
(14, '2017-08-21', '12:34', 13.652484893798828, 100.49378967285156, 'A', 782, 1, NULL),
(14, '2017-08-21', '12:34', 13.652496337890625, 100.49378204345703, 'A', 783, 1, NULL),
(14, '2017-08-21', '17:21', 0, 0, 'A', 784, 99, NULL),
(14, '2017-08-21', '17:22', 0, 0, 'A', 785, 3, NULL);

-- --------------------------------------------------------

--
-- Table structure for table `crash_accdetails`
--

CREATE TABLE `crash_accdetails` (
  `accidentId` bigint(20) NOT NULL,
  `forceDetect` double NOT NULL,
  `speedDetect` float NOT NULL
) ENGINE=InnoDB DEFAULT CHARSET=latin1;

--
-- Dumping data for table `crash_accdetails`
--

INSERT INTO `crash_accdetails` (`accidentId`, `forceDetect`, `speedDetect`) VALUES
(110, 13, 13),
(111, 1, 0),
(112, 2, 0),
(113, 1, 0),
(114, 1, 0),
(115, 1, 0),
(116, 1, 0),
(117, 1, 0),
(118, 1, 0),
(119, 1, 0),
(120, 1, 0),
(121, 1, 0),
(122, 1, 0),
(123, 1, 0),
(124, 1, 0),
(125, 1, 0),
(126, 1, 0),
(127, 1, 0),
(128, 1, 0),
(129, 1, 0),
(130, 1, 0),
(131, 1, 0),
(132, 1, 0),
(133, 1, 0),
(134, 0, 0),
(135, 0, 0),
(136, 0, 0),
(137, 0, 0),
(138, 0, 0),
(139, 0, 0),
(140, 0, 0),
(141, 0, 0),
(142, 0, 0),
(144, 0, 0),
(145, 0, 0),
(146, 1, 0),
(147, 1, 0),
(148, 1, 0),
(149, 1, 0),
(150, 1, 0),
(151, 1, 0),
(152, 1, 0),
(158, 1, 0),
(159, 1, 0),
(160, 1, 0),
(161, 1, 0),
(162, 1, 0),
(163, 1, 0),
(164, 3, 0),
(165, 3, 0),
(166, 4, 0),
(167, 4, 0),
(168, 4, 0),
(169, 4, 0),
(170, 4, 0),
(171, 5, 0),
(172, 13, 13),
(173, 13, 13),
(174, 4, 0),
(175, 3, 0),
(176, 4, 0),
(177, 3, 0),
(178, 13, 13),
(179, 3, 0),
(180, 5, 0),
(181, 4, 0),
(182, 6, 0),
(184, 4, 0),
(185, 3, 0),
(186, 3, 0),
(187, 3, 0),
(188, 4, 0),
(189, 4, 0),
(190, 4, 0),
(191, 3, 0),
(192, 3, 0),
(193, 4, 0),
(194, 3, 0),
(195, 4, 0),
(196, 3, 0),
(197, 3, 0),
(198, 4, 0),
(199, 3, 0),
(200, 4, 0),
(201, 3, 0),
(202, 4, 0),
(203, 3, 0),
(204, 3, 0),
(205, 4, 0),
(206, 3, 0),
(207, 3, 0),
(208, 4, 0),
(209, 4, 0),
(210, 3, 0),
(211, 3, 0),
(212, 3, 0),
(213, 3, 0),
(214, 3, 0),
(215, 3, 0),
(216, 3, 0),
(217, 4, 0),
(218, 4, 0),
(219, 3, 0),
(220, 4, 0),
(221, 3, 0),
(222, 3, 0),
(223, 3, 0),
(224, 5, 0),
(225, 3, 0),
(226, 3, 0),
(227, 4, 0),
(228, 4, 0),
(229, 4, 0),
(230, 5, 0),
(231, 4, 0),
(232, 3, 0),
(233, 4, 0),
(234, 16, 24),
(235, 16, 24),
(236, 4, 0),
(237, 3, 0),
(238, 3, 0),
(239, 3, 0),
(240, 4, 0),
(241, 0, 0),
(242, 0, 0),
(243, 3, 0),
(244, 3, 0),
(245, 3, 0),
(246, 3, 0),
(253, 3, 0),
(254, 4, 0),
(255, 5, 0),
(256, 3, 0),
(257, 0, 0),
(258, 0, 0),
(259, 0, 0),
(260, 0, 0),
(272, 65.2300033569336, 24.421),
(273, 65.2300033569336, 24.421),
(276, 65.2300033569336, 24.421),
(277, 65.2300033569336, 24.421),
(278, 4, 0),
(279, 3, 0),
(280, 3, 0),
(281, 4, 0),
(282, 3, 0),
(283, 5, 0),
(284, 65.2300033569336, 24.421),
(302, 0, 0),
(303, 0, 0),
(304, 0, 0),
(305, 0, 0),
(318, 0, 0),
(323, 0, 0),
(327, 0, 0),
(332, 0, 0),
(333, 0, 0),
(334, 0, 0),
(335, 0, 0),
(336, 0, 0),
(337, 0, 0),
(338, 0, 0),
(343, 0, 0),
(347, 0, 0),
(349, 0, 0),
(359, 0, 0),
(360, 0, 0),
(362, 0, 0),
(363, 0, 0),
(364, 0, 0),
(365, 0, 0),
(366, 0, 0),
(367, 0, 0),
(368, 0, 0),
(369, 0, 0),
(381, 0, 0),
(382, 0, 0),
(383, 0, 0),
(384, 0, 0),
(385, 0, 0),
(386, 0, 0),
(388, 0, 0),
(389, 0, 0),
(391, 0, 0),
(392, 0, 0),
(393, 0, 0),
(394, 0, 0),
(395, 0, 0),
(398, 0, 0),
(399, 0, 0),
(400, 0, 0),
(401, 0, 0),
(402, 0, 0),
(403, 0, 0),
(404, 0, 0),
(405, 0, 0),
(406, 0, 0),
(407, 0, 0),
(408, 0, 0),
(409, 0, 0),
(410, 0, 0),
(411, 0, 0),
(412, 0, 0),
(413, 0, 0),
(414, 0, 0),
(415, 0, 0),
(416, 0, 0),
(417, 0, 0),
(418, 0, 0),
(432, 0, 0),
(433, 0, 0),
(457, 0, 0),
(472, 0, 0),
(474, 0, 0),
(475, 0, 0),
(476, 0, 0),
(486, 0, 0),
(494, 0, 0),
(496, 0, 0),
(497, 0, 0),
(498, 0, 0),
(501, 0, 0),
(503, 0, 0),
(507, 0, 0),
(539, 0, 0),
(542, 0, 0),
(551, 0, 0),
(562, 0, 0),
(571, 0, 0),
(572, 0, 0),
(573, 0, 0),
(575, 0, 0),
(576, 0, 0),
(577, 0, 0),
(580, 0, 0),
(582, 0, 0),
(583, 0, 0),
(584, 0, 0),
(634, 0, 0),
(635, 0, 0),
(636, 0, 0),
(637, 0, 0),
(638, 0, 0),
(640, 0, 0),
(649, 0, 0),
(650, 0, 0),
(651, 0, 0),
(658, 0, 0),
(659, 0, 0),
(660, 0, 0),
(661, 0, 0),
(665, 0, 0),
(666, 0, 0),
(667, 0, 0),
(668, 0, 0),
(669, 0, 0),
(670, 0, 0),
(671, 0, 0),
(672, 0, 0),
(674, 0, 0),
(675, 0, 0),
(677, 0, 0),
(678, 0, 0),
(679, 0, 0),
(680, 0, 0),
(683, 0, 0),
(684, 0, 0),
(685, 0, 0),
(686, 0, 0),
(687, 0, 0),
(688, 0, 0),
(689, 0, 0),
(690, 0, 0),
(691, 0, 0),
(692, 0, 0),
(693, 0, 0),
(694, 0, 0),
(695, 0, 0),
(696, 0, 0),
(697, 0, 0),
(698, 0, 0),
(699, 0, 0),
(700, 0, 0),
(701, 0, 0),
(703, 0, 0),
(705, 0, 0),
(707, 0, 0),
(708, 0, 0),
(709, 0, 0),
(710, 0, 0),
(711, 0, 0),
(712, 0, 0),
(713, 0, 0),
(714, 0, 0),
(715, 0, 0),
(716, 0, 0),
(717, 0, 0),
(718, 0, 0),
(719, 0, 0),
(720, 0, 0),
(721, 0, 0),
(722, 0, 0),
(723, 0, 0),
(724, 0, 0),
(725, 0, 0),
(727, 0, 0),
(728, 0, 0),
(729, 0, 0),
(730, 0, 0),
(731, 0, 0),
(732, 0, 0),
(733, 0, 0),
(734, 0, 0),
(735, 0, 0),
(736, 0, 0),
(737, 0, 0),
(738, 0, 0),
(739, 0, 0),
(740, 0, 0),
(741, 0, 0),
(742, 0, 0),
(743, 0, 0),
(744, 0, 0),
(745, 0, 0),
(748, 0, 0),
(749, 0, 0),
(758, 0, 0),
(761, 0, 0),
(762, 0, 0),
(763, 0, 0),
(764, 0, 0),
(765, 0, 0),
(766, 0, 0),
(771, 0, 0),
(776, 0, 0),
(782, 0, 0),
(783, 0, 0);

-- --------------------------------------------------------

--
-- Table structure for table `organization`
--

CREATE TABLE `organization` (
  `organizationId` int(11) NOT NULL,
  `organizationName` varchar(100) COLLATE utf8_unicode_ci NOT NULL,
  `organizationDesc` varchar(500) COLLATE utf8_unicode_ci DEFAULT NULL
) ENGINE=InnoDB DEFAULT CHARSET=utf8 COLLATE=utf8_unicode_ci;

--
-- Dumping data for table `organization`
--

INSERT INTO `organization` (`organizationId`, `organizationName`, `organizationDesc`) VALUES
(1, ' ', 'Thung Luk Nok, Kamphaeng Saen District, Nakhon Pathom 73140');

-- --------------------------------------------------------

--
-- Table structure for table `profile`
--

CREATE TABLE `profile` (
  `userId` bigint(13) NOT NULL,
  `firstName` varchar(30) COLLATE utf8_unicode_ci NOT NULL,
  `lastName` varchar(30) COLLATE utf8_unicode_ci NOT NULL,
  `personalId` bigint(13) NOT NULL,
  `phone` varchar(12) COLLATE utf8_unicode_ci NOT NULL,
  `address1` text COLLATE utf8_unicode_ci NOT NULL,
  `address2` text COLLATE utf8_unicode_ci NOT NULL,
  `age` int(3) NOT NULL,
  `gender` char(1) COLLATE utf8_unicode_ci NOT NULL
) ENGINE=InnoDB DEFAULT CHARSET=utf8 COLLATE=utf8_unicode_ci;

--
-- Dumping data for table `profile`
--

INSERT INTO `profile` (`userId`, `firstName`, `lastName`, `personalId`, `phone`, `address1`, `address2`, `age`, `gender`) VALUES
(1, 'NATTAWUT', 'PICHAIWATTNPHON', 1730200262876, '+66845708981', '65/4 WARANON DORMITORY, SOI. PHUTTHABUCHA 44\r\nPHUTTHABUCHA ROAD, BANGMOD\r\nTHUNGKRU, Bangkok ,  10140\r\nThailand', '', 21, 'M'),
(10, '', '', 1, '1', '65/4  ,   44 , , ,  10140', '', 1, 'M'),
(11, 'Samuel L.', 'Jackson', 8562411747542, '866658888', '', '', 54, 'M'),
(12, 'Driver', 'Oliver', 54782522691, '66581124741', '', '', 32, 'M'),
(13, '', '', 1730200262876, '0845708911', '65/4  ,   44 , , ,  10140', '', 21, 'M'),
(14, '', '', 1733569262876, '66574441472', '65/4  ,   44 , , ,  10140', '', 21, 'F'),
(15, 'Marty', 'Paol', 2654744899658, '9655478745', '', '', 17, 'M'),
(16, 'Kolin', 'Nichvanich', 1547844563266, '66958521447', '65/4   44  ', ' ', 34, 'M'),
(17, 'Kolin', 'Nichvanich', 1547844563266, '66958521447', '65/4   44  ', ' ', 34, 'M'),
(18, 'Kolin', 'Nichvanich', 1547844563266, '66958521447', '65/4   44  ', ' ', 34, 'M'),
(31, 'UnitTest', 'ByJUnit', 1522144141458, '+6698752511', 'Dummy Address 1', 'Dummy Address 1', 36, 'M'),
(32, 'Nudee', 'Paisoonsin', 1730500264578, '66845708966', '57/4 Soi 6 Tonson Rd. Mueang, Nakorn Pathom, 75140', '', 21, 'F');

-- --------------------------------------------------------

--
-- Table structure for table `properties`
--

CREATE TABLE `properties` (
  `opLat` double DEFAULT NULL,
  `opLng` double DEFAULT NULL,
  `opNeutralBound` int(11) DEFAULT NULL,
  `opMainBound` int(11) DEFAULT '0',
  `userId` bigint(13) NOT NULL,
  `opOrganization` int(11) DEFAULT NULL
) ENGINE=InnoDB DEFAULT CHARSET=utf8 COLLATE=utf8_unicode_ci;

--
-- Dumping data for table `properties`
--

INSERT INTO `properties` (`opLat`, `opLng`, `opNeutralBound`, `opMainBound`, `userId`, `opOrganization`) VALUES
(13.66733825965496, 100.65673828125, 50, 5, 1, 1),
(13.646977424621582, 100.48725128173828, 15, 5, 10, NULL);

-- --------------------------------------------------------

--
-- Table structure for table `user`
--

CREATE TABLE `user` (
  `userId` bigint(13) NOT NULL,
  `username` varchar(13) COLLATE utf8_unicode_ci NOT NULL,
  `password` varchar(32) COLLATE utf8_unicode_ci NOT NULL,
  `userType` char(1) COLLATE utf8_unicode_ci NOT NULL
) ENGINE=InnoDB DEFAULT CHARSET=utf8 COLLATE=utf8_unicode_ci;

--
-- Dumping data for table `user`
--

INSERT INTO `user` (`userId`, `username`, `password`, `userType`) VALUES
(1, 'root', 'eb0a191797624dd3a48fa681d3061212', 'T'),
(10, 'user', 'ddaf3d83a62e067630699a231ee9a542', 'T'),
(11, 'userSamuel', 'ddaf3d83a62e067630699a231ee9a542', 'M'),
(12, 'driverUser', 'ddaf3d83a62e067630699a231ee9a542', 'M'),
(13, 'user002', '8b63b2922634ffaeab2019e50f13dd20', 'M'),
(14, 'user003', 'e16f3b20872b973a50a3c2a1ac996d99', 'M'),
(18, 'jacoco', '63a9f0ea7bb98050796b649e85481845', 'T'),
(31, 'default', '0841c77db45f0ee5aff66ed28630cefe', 'M'),
(32, 'nudee212', '0841c77db45f0ee5aff66ed28630cefe', 'M');

--
-- Indexes for dumped tables
--

--
-- Indexes for table `accident`
--
ALTER TABLE `accident`
  ADD PRIMARY KEY (`accidentId`),
  ADD KEY `userId` (`userId`);

--
-- Indexes for table `crash_accdetails`
--
ALTER TABLE `crash_accdetails`
  ADD KEY `accidentId` (`accidentId`);

--
-- Indexes for table `organization`
--
ALTER TABLE `organization`
  ADD PRIMARY KEY (`organizationId`),
  ADD UNIQUE KEY `organizationName` (`organizationName`);

--
-- Indexes for table `profile`
--
ALTER TABLE `profile`
  ADD PRIMARY KEY (`userId`);

--
-- Indexes for table `properties`
--
ALTER TABLE `properties`
  ADD UNIQUE KEY `userId_2` (`userId`),
  ADD KEY `userId` (`userId`);

--
-- Indexes for table `user`
--
ALTER TABLE `user`
  ADD KEY `userId` (`userId`);

--
-- AUTO_INCREMENT for dumped tables
--

--
-- AUTO_INCREMENT for table `accident`
--
ALTER TABLE `accident`
  MODIFY `accidentId` bigint(20) NOT NULL AUTO_INCREMENT, AUTO_INCREMENT=786;
--
-- AUTO_INCREMENT for table `organization`
--
ALTER TABLE `organization`
  MODIFY `organizationId` int(11) NOT NULL AUTO_INCREMENT, AUTO_INCREMENT=2;
--
-- AUTO_INCREMENT for table `profile`
--
ALTER TABLE `profile`
  MODIFY `userId` bigint(13) NOT NULL AUTO_INCREMENT, AUTO_INCREMENT=33;
--
-- Constraints for dumped tables
--

--
-- Constraints for table `accident`
--
ALTER TABLE `accident`
  ADD CONSTRAINT `accident_ibfk_1` FOREIGN KEY (`userId`) REFERENCES `profile` (`userId`) ON DELETE CASCADE ON UPDATE CASCADE;

--
-- Constraints for table `crash_accdetails`
--
ALTER TABLE `crash_accdetails`
  ADD CONSTRAINT `crash_accdetails_ibfk_1` FOREIGN KEY (`accidentId`) REFERENCES `accident` (`accidentId`) ON DELETE CASCADE ON UPDATE CASCADE;

--
-- Constraints for table `properties`
--
ALTER TABLE `properties`
  ADD CONSTRAINT `properties_ibfk_1` FOREIGN KEY (`userId`) REFERENCES `user` (`userId`) ON DELETE CASCADE ON UPDATE CASCADE;

--
-- Constraints for table `user`
--
ALTER TABLE `user`
  ADD CONSTRAINT `user_ibfk_1` FOREIGN KEY (`userId`) REFERENCES `profile` (`userId`) ON DELETE CASCADE ON UPDATE CASCADE;

/*!40101 SET CHARACTER_SET_CLIENT=@OLD_CHARACTER_SET_CLIENT */;
/*!40101 SET CHARACTER_SET_RESULTS=@OLD_CHARACTER_SET_RESULTS */;
/*!40101 SET COLLATION_CONNECTION=@OLD_COLLATION_CONNECTION */;
